,MAE,MSE,RMSE,R2
baseline,40.2801365455742,2747.3179234139043,52.414863573359646,0.4073192261986256
Random Forest Regressor with Random Forest (4 features),1.7305855855855852,22.209562612612604,4.7127022622496115,0.9952087158741801
Gradient Boosting Regressor with Random Forest (4 features),1.4776154542495452,11.57741557276504,3.4025601497644447,0.9975023962236741
XGBoost Regressor with Random Forest (4 features),1.5638812666044146,15.339952250426249,3.916625109763028,0.9966907016139722
LightGBM Regressor with Random Forest (4 features),2.8047937032699557,82.53177793287193,9.08470021150241,0.9821953631243105
CatBoost Regressor with Random Forest (4 features),1.4956076317734535,11.512282093427864,3.392975404188463,0.9975164475136995
